Ref,Val,Package,PosX,PosY,Rot,Side
"D2","SK6812MINI-E","LED_SK6812MINI-E_3.2x2.8mm_P1.5mm_ReverseMount",-61.750000,-84.000000,0.000000,bottom
"D3","SK6812MINI-E","LED_SK6812MINI-E_3.2x2.8mm_P1.5mm_ReverseMount",-81.025000,-84.250000,0.000000,bottom
"D4","SK6812MINI-E","LED_SK6812MINI-E_3.2x2.8mm_P1.5mm_ReverseMount",-101.025000,-84.250000,0.000000,bottom
"D5","SK6812MINI-E","LED_SK6812MINI-E_3.2x2.8mm_P1.5mm_ReverseMount",-120.025000,-84.250000,0.000000,bottom
"D6","SK6812MINI-E","LED_SK6812MINI-E_3.2x2.8mm_P1.5mm_ReverseMount",-139.525000,-84.250000,0.000000,bottom
"D7","SK6812MINI-E","LED_SK6812MINI-E_3.2x2.8mm_P1.5mm_ReverseMount",-158.750000,-84.250000,0.000000,bottom
"D8","SK6812MINI-E","LED_SK6812MINI-E_3.2x2.8mm_P1.5mm_ReverseMount",-178.525000,-84.250000,0.000000,bottom
"D9","SK6812MINI-E","LED_SK6812MINI-E_3.2x2.8mm_P1.5mm_ReverseMount",-198.025000,-84.250000,0.000000,bottom
"D10","SK6812MINI-E","LED_SK6812MINI-E_3.2x2.8mm_P1.5mm_ReverseMount",-217.525000,-84.250000,0.000000,bottom
"D11","SK6812MINI-E","LED_SK6812MINI-E_3.2x2.8mm_P1.5mm_ReverseMount",-237.025000,-84.250000,0.000000,bottom
"D12","SK6812MINI-E","LED_SK6812MINI-E_3.2x2.8mm_P1.5mm_ReverseMount",-256.525000,-84.250000,0.000000,bottom
"D13","SK6812MINI-E","LED_SK6812MINI-E_3.2x2.8mm_P1.5mm_ReverseMount",-275.750000,-84.000000,0.000000,bottom
"D14","SK6812MINI-E","LED_SK6812MINI-E_3.2x2.8mm_P1.5mm_ReverseMount",-295.525000,-84.250000,0.000000,bottom
"D15","SK6812MINI-E","LED_SK6812MINI-E_3.2x2.8mm_P1.5mm_ReverseMount",-324.525000,-84.250000,0.000000,bottom
"D16","SK6812MINI-E","LED_SK6812MINI-E_3.2x2.8mm_P1.5mm_ReverseMount",-329.525000,-103.750000,180.000000,bottom
"D17","SK6812MINI-E","LED_SK6812MINI-E_3.2x2.8mm_P1.5mm_ReverseMount",-305.025000,-103.750000,180.000000,bottom
"D18","SK6812MINI-E","LED_SK6812MINI-E_3.2x2.8mm_P1.5mm_ReverseMount",-285.525000,-103.750000,180.000000,bottom
"D19","SK6812MINI-E","LED_SK6812MINI-E_3.2x2.8mm_P1.5mm_ReverseMount",-266.025000,-103.750000,180.000000,bottom
"D20","SK6812MINI-E","LED_SK6812MINI-E_3.2x2.8mm_P1.5mm_ReverseMount",-246.525000,-103.750000,180.000000,bottom
"D21","SK6812MINI-E","LED_SK6812MINI-E_3.2x2.8mm_P1.5mm_ReverseMount",-227.025000,-103.750000,180.000000,bottom
"D22","SK6812MINI-E","LED_SK6812MINI-E_3.2x2.8mm_P1.5mm_ReverseMount",-207.250000,-103.500000,180.000000,bottom
"D23","SK6812MINI-E","LED_SK6812MINI-E_3.2x2.8mm_P1.5mm_ReverseMount",-187.750000,-103.500000,180.000000,bottom
"D24","SK6812MINI-E","LED_SK6812MINI-E_3.2x2.8mm_P1.5mm_ReverseMount",-168.750000,-103.500000,180.000000,bottom
"D25","SK6812MINI-E","LED_SK6812MINI-E_3.2x2.8mm_P1.5mm_ReverseMount",-149.025000,-103.750000,180.000000,bottom
"D26","SK6812MINI-E","LED_SK6812MINI-E_3.2x2.8mm_P1.5mm_ReverseMount",-129.025000,-103.750000,180.000000,bottom
"D27","SK6812MINI-E","LED_SK6812MINI-E_3.2x2.8mm_P1.5mm_ReverseMount",-110.025000,-103.750000,180.000000,bottom
"D28","SK6812MINI-E","LED_SK6812MINI-E_3.2x2.8mm_P1.5mm_ReverseMount",-90.525000,-103.750000,180.000000,bottom
"D29","SK6812MINI-E","LED_SK6812MINI-E_3.2x2.8mm_P1.5mm_ReverseMount",-66.525000,-103.750000,180.000000,bottom
"D30","SK6812MINI-E","LED_SK6812MINI-E_3.2x2.8mm_P1.5mm_ReverseMount",-68.525000,-123.250000,0.000000,bottom
"D31","SK6812MINI-E","LED_SK6812MINI-E_3.2x2.8mm_P1.5mm_ReverseMount",-95.025000,-123.250000,0.000000,bottom
"D32","SK6812MINI-E","LED_SK6812MINI-E_3.2x2.8mm_P1.5mm_ReverseMount",-114.525000,-123.250000,0.000000,bottom
"D33","SK6812MINI-E","LED_SK6812MINI-E_3.2x2.8mm_P1.5mm_ReverseMount",-134.025000,-123.250000,0.000000,bottom
"D34","SK6812MINI-E","LED_SK6812MINI-E_3.2x2.8mm_P1.5mm_ReverseMount",-153.525000,-123.250000,0.000000,bottom
"D35","SK6812MINI-E","LED_SK6812MINI-E_3.2x2.8mm_P1.5mm_ReverseMount",-173.025000,-123.250000,0.000000,bottom
"D36","SK6812MINI-E","LED_SK6812MINI-E_3.2x2.8mm_P1.5mm_ReverseMount",-192.525000,-123.250000,0.000000,bottom
"D37","SK6812MINI-E","LED_SK6812MINI-E_3.2x2.8mm_P1.5mm_ReverseMount",-212.025000,-123.250000,0.000000,bottom
"D38","SK6812MINI-E","LED_SK6812MINI-E_3.2x2.8mm_P1.5mm_ReverseMount",-231.750000,-123.000000,0.000000,bottom
"D39","SK6812MINI-E","LED_SK6812MINI-E_3.2x2.8mm_P1.5mm_ReverseMount",-251.025000,-123.250000,0.000000,bottom
"D40","SK6812MINI-E","LED_SK6812MINI-E_3.2x2.8mm_P1.5mm_ReverseMount",-270.525000,-123.250000,0.000000,bottom
"D41","SK6812MINI-E","LED_SK6812MINI-E_3.2x2.8mm_P1.5mm_ReverseMount",-290.025000,-123.250000,0.000000,bottom
"D42","SK6812MINI-E","LED_SK6812MINI-E_3.2x2.8mm_P1.5mm_ReverseMount",-322.025000,-123.250000,0.000000,bottom
"D43","SK6812MINI-E","LED_SK6812MINI-E_3.2x2.8mm_P1.5mm_ReverseMount",-316.525000,-142.750000,180.000000,bottom
"D44","SK6812MINI-E","LED_SK6812MINI-E_3.2x2.8mm_P1.5mm_ReverseMount",-280.750000,-142.750000,180.000000,bottom
"D45","SK6812MINI-E","LED_SK6812MINI-E_3.2x2.8mm_P1.5mm_ReverseMount",-260.975000,-142.750000,180.000000,bottom
"D46","SK6812MINI-E","LED_SK6812MINI-E_3.2x2.8mm_P1.5mm_ReverseMount",-241.475000,-142.750000,180.000000,bottom
"D47","SK6812MINI-E","LED_SK6812MINI-E_3.2x2.8mm_P1.5mm_ReverseMount",-221.975000,-142.750000,180.000000,bottom
"D48","SK6812MINI-E","LED_SK6812MINI-E_3.2x2.8mm_P1.5mm_ReverseMount",-202.475000,-142.750000,180.000000,bottom
"D49","SK6812MINI-E","LED_SK6812MINI-E_3.2x2.8mm_P1.5mm_ReverseMount",-182.750000,-142.500000,180.000000,bottom
"D50","SK6812MINI-E","LED_SK6812MINI-E_3.2x2.8mm_P1.5mm_ReverseMount",-163.750000,-142.500000,180.000000,bottom
"D51","SK6812MINI-E","LED_SK6812MINI-E_3.2x2.8mm_P1.5mm_ReverseMount",-143.750000,-142.500000,180.000000,bottom
"D52","SK6812MINI-E","LED_SK6812MINI-E_3.2x2.8mm_P1.5mm_ReverseMount",-124.750000,-142.500000,180.000000,bottom
"D53","SK6812MINI-E","LED_SK6812MINI-E_3.2x2.8mm_P1.5mm_ReverseMount",-105.025000,-142.750000,180.000000,bottom
"D54","SK6812MINI-E","LED_SK6812MINI-E_3.2x2.8mm_P1.5mm_ReverseMount",-73.475000,-142.750000,180.000000,bottom
"D55","SK6812MINI-E","LED_SK6812MINI-E_3.2x2.8mm_P1.5mm_ReverseMount",-64.250000,-162.000000,0.000000,bottom
"D56","SK6812MINI-E","LED_SK6812MINI-E_3.2x2.8mm_P1.5mm_ReverseMount",-88.750000,-162.000000,0.000000,bottom
"D57","SK6812MINI-E","LED_SK6812MINI-E_3.2x2.8mm_P1.5mm_ReverseMount",-113.250000,-162.000000,0.000000,bottom
"D58","SK6812MINI-E","LED_SK6812MINI-E_3.2x2.8mm_P1.5mm_ReverseMount",-149.250000,-161.750000,0.000000,bottom
"D59","SK6812MINI-E","LED_SK6812MINI-E_3.2x2.8mm_P1.5mm_ReverseMount",-185.025000,-162.250000,0.000000,bottom
"D60","SK6812MINI-E","LED_SK6812MINI-E_3.2x2.8mm_P1.5mm_ReverseMount",-220.250000,-162.250000,0.000000,bottom
"D61","SK6812MINI-E","LED_SK6812MINI-E_3.2x2.8mm_P1.5mm_ReverseMount",-257.025000,-162.250000,0.000000,bottom
"D62","SK6812MINI-E","LED_SK6812MINI-E_3.2x2.8mm_P1.5mm_ReverseMount",-281.525000,-161.750000,0.000000,bottom
"D63","1N4148","D_DO-35_SOD27_P7.62mm_Horizontal",-54.560000,-70.500000,180.000000,bottom
"D64","1N4148","D_DO-35_SOD27_P7.62mm_Horizontal",-59.060000,-89.500000,180.000000,bottom
"D65","1N4148","D_DO-35_SOD27_P7.62mm_Horizontal",-58.560000,-115.500000,180.000000,bottom
"D66","1N4148","D_DO-35_SOD27_P7.62mm_Horizontal",-63.750000,-135.000000,180.000000,bottom
"D67","1N4148","D_DO-35_SOD27_P7.62mm_Horizontal",-54.560000,-154.500000,180.000000,bottom
"D68","SK6812MINI-E","LED_SK6812MINI-E_3.2x2.8mm_P1.5mm_ReverseMount",-306.025000,-162.250000,0.000000,bottom
"D69","SK6812MINI-E","LED_SK6812MINI-E_3.2x2.8mm_P1.5mm_ReverseMount",-330.525000,-162.250000,0.000000,bottom
"D71","1N4148","D_DO-35_SOD27_P7.62mm_Horizontal",-79.060000,-70.500000,180.000000,bottom
"D72","1N4148","D_DO-35_SOD27_P7.62mm_Horizontal",-88.060000,-89.500000,180.000000,bottom
"D73","1N4148","D_DO-35_SOD27_P7.62mm_Horizontal",-93.060000,-109.500000,180.000000,bottom
"D74","1N4148","D_DO-35_SOD27_P7.62mm_Horizontal",-102.560000,-129.000000,180.000000,bottom
"D75","1N4148","D_DO-35_SOD27_P7.62mm_Horizontal",-86.560000,-148.500000,180.000000,bottom
"D79","1N4148","D_DO-35_SOD27_P7.62mm_Horizontal",-98.560000,-70.500000,180.000000,bottom
"D80","1N4148","D_DO-35_SOD27_P7.62mm_Horizontal",-108.060000,-89.500000,180.000000,bottom
"D81","1N4148","D_DO-35_SOD27_P7.62mm_Horizontal",-112.060000,-109.500000,180.000000,bottom
"D82","1N4148","D_DO-35_SOD27_P7.62mm_Horizontal",-122.560000,-129.000000,180.000000,bottom
"D83","1N4148","D_DO-35_SOD27_P7.62mm_Horizontal",-111.560000,-148.500000,180.000000,bottom
"D87","1N4148","D_DO-35_SOD27_P7.62mm_Horizontal",-118.060000,-70.500000,180.000000,bottom
"D88","1N4148","D_DO-35_SOD27_P7.62mm_Horizontal",-127.060000,-90.000000,180.000000,bottom
"D89","1N4148","D_DO-35_SOD27_P7.62mm_Horizontal",-132.060000,-109.500000,180.000000,bottom
"D90","1N4148","D_DO-35_SOD27_P7.62mm_Horizontal",-142.060000,-129.000000,180.000000,bottom
"D95","1N4148","D_DO-35_SOD27_P7.62mm_Horizontal",-137.560000,-70.500000,180.000000,bottom
"D96","1N4148","D_DO-35_SOD27_P7.62mm_Horizontal",-147.060000,-90.000000,180.000000,bottom
"D97","1N4148","D_DO-35_SOD27_P7.62mm_Horizontal",-151.560000,-109.500000,180.000000,bottom
"D98","1N4148","D_DO-35_SOD27_P7.62mm_Horizontal",-161.560000,-128.500000,180.000000,bottom
"D103","1N4148","D_DO-35_SOD27_P7.62mm_Horizontal",-157.060000,-70.500000,180.000000,bottom
"D104","1N4148","D_DO-35_SOD27_P7.62mm_Horizontal",-166.250000,-90.000000,180.000000,bottom
"D105","1N4148","D_DO-35_SOD27_P7.62mm_Horizontal",-170.560000,-109.500000,180.000000,bottom
"D106","1N4148","D_DO-35_SOD27_P7.62mm_Horizontal",-180.870000,-129.000000,180.000000,bottom
"D111","1N4148","D_DO-35_SOD27_P7.62mm_Horizontal",-176.060000,-70.500000,180.000000,bottom
"D112","1N4148","D_DO-35_SOD27_P7.62mm_Horizontal",-185.750000,-90.000000,180.000000,bottom
"D113","1N4148","D_DO-35_SOD27_P7.62mm_Horizontal",-190.060000,-109.500000,180.000000,bottom
"D114","1N4148","D_DO-35_SOD27_P7.62mm_Horizontal",-200.060000,-129.000000,180.000000,bottom
"D115","1N4148","D_DO-35_SOD27_P7.62mm_Horizontal",-175.250000,-154.500000,180.000000,bottom
"D119","1N4148","D_DO-35_SOD27_P7.62mm_Horizontal",-195.870000,-70.500000,180.000000,bottom
"D120","1N4148","D_DO-35_SOD27_P7.62mm_Horizontal",-205.750000,-90.000000,180.000000,bottom
"D121","1N4148","D_DO-35_SOD27_P7.62mm_Horizontal",-210.060000,-109.500000,180.000000,bottom
"D122","1N4148","D_DO-35_SOD27_P7.62mm_Horizontal",-220.060000,-129.000000,180.000000,bottom
"D126","1N4148","D_DO-35_SOD27_P7.62mm_Horizontal",-215.560000,-70.500000,180.000000,bottom
"D127","1N4148","D_DO-35_SOD27_P7.62mm_Horizontal",-224.750000,-90.000000,180.000000,bottom
"D128","1N4148","D_DO-35_SOD27_P7.62mm_Horizontal",-229.250000,-109.500000,180.000000,bottom
"D129","1N4148","D_DO-35_SOD27_P7.62mm_Horizontal",-239.250000,-129.000000,180.000000,bottom
"D133","1N4148","D_DO-35_SOD27_P7.62mm_Horizontal",-234.870000,-70.500000,180.000000,bottom
"D134","1N4148","D_DO-35_SOD27_P7.62mm_Horizontal",-244.250000,-90.000000,180.000000,bottom
"D135","1N4148","D_DO-35_SOD27_P7.62mm_Horizontal",-249.250000,-109.500000,180.000000,bottom
"D136","1N4148","D_DO-35_SOD27_P7.62mm_Horizontal",-258.750000,-129.000000,180.000000,bottom
"D140","1N4148","D_DO-35_SOD27_P7.62mm_Horizontal",-254.250000,-70.500000,180.000000,bottom
"D141","1N4148","D_DO-35_SOD27_P7.62mm_Horizontal",-263.750000,-90.000000,180.000000,bottom
"D142","1N4148","D_DO-35_SOD27_P7.62mm_Horizontal",-268.370000,-109.500000,180.000000,bottom
"D143","1N4148","D_DO-35_SOD27_P7.62mm_Horizontal",-278.250000,-129.000000,180.000000,bottom
"D144","1N4148","D_DO-35_SOD27_P7.62mm_Horizontal",-247.250000,-154.500000,180.000000,bottom
"D147","1N4148","D_DO-35_SOD27_P7.62mm_Horizontal",-273.560000,-70.500000,180.000000,bottom
"D148","1N4148","D_DO-35_SOD27_P7.62mm_Horizontal",-283.250000,-90.000000,180.000000,bottom
"D149","1N4148","D_DO-35_SOD27_P7.62mm_Horizontal",-286.750000,-109.500000,180.000000,bottom
"D150","1N4148","D_DO-35_SOD27_P7.62mm_Horizontal",-306.750000,-135.000000,180.000000,bottom
"D151","1N4148","D_DO-35_SOD27_P7.62mm_Horizontal",-280.560000,-148.000000,180.000000,bottom
"D154","1N4148","D_DO-35_SOD27_P7.62mm_Horizontal",-293.560000,-70.500000,180.000000,bottom
"D155","1N4148","D_DO-35_SOD27_P7.62mm_Horizontal",-303.250000,-90.000000,180.000000,bottom
"D156","1N4148","D_DO-35_SOD27_P7.62mm_Horizontal",-311.750000,-115.500000,180.000000,bottom
"D158","1N4148","D_DO-35_SOD27_P7.62mm_Horizontal",-300.250000,-148.500000,180.000000,bottom
"D161","1N4148","D_DO-35_SOD27_P7.62mm_Horizontal",-320.750000,-68.500000,180.000000,bottom
"D162","1N4148","D_DO-35_SOD27_P7.62mm_Horizontal",-327.250000,-90.000000,180.000000,bottom
"D165","1N4148","D_DO-35_SOD27_P7.62mm_Horizontal",-328.250000,-148.500000,180.000000,bottom
"R1","5.1k","R_0603_1608Metric",-111.000000,-58.500000,0.000000,bottom
"R2","5.1k","R_0603_1608Metric",-104.500000,-58.500000,180.000000,bottom
"C1","100nF","C_0805_2012Metric",331.500000,-57.000000,0.000000,top
"C2","100nF","C_0805_2012Metric",320.490000,-63.550000,-90.000000,top
"C3","100nF","C_0805_2012Metric",323.500000,-63.550000,90.000000,top
"C4","100nF","C_0805_2012Metric",326.510000,-63.550000,90.000000,top
"C5","100nF","C_0805_2012Metric",329.520000,-63.550000,90.000000,top
"C6","100nF","C_0805_2012Metric",332.530000,-63.550000,-90.000000,top
"J1","USB_C_Receptacle_USB2.0_16P","USB_C_Receptacle_HCTL_HC-TYPE-C-16P-01A",108.000000,-46.075000,180.000000,top
"R3","10k","R_0603_1608Metric",324.825000,-58.000000,0.000000,top
"SW1","ESC","SW_Hotswap_Kailh_MX_1.00u",61.500000,-79.000000,0.000000,top
"SW2","1","SW_Hotswap_Kailh_MX_1.00u",81.000000,-79.000000,0.000000,top
"SW3","2","SW_Hotswap_Kailh_MX_1.00u",100.420000,-79.000000,0.000000,top
"SW4","3","SW_Hotswap_Kailh_MX_1.00u",120.000000,-79.000000,0.000000,top
"SW5","4","SW_Hotswap_Kailh_MX_1.00u",139.420000,-79.000000,0.000000,top
"SW6","5","SW_Hotswap_Kailh_MX_1.00u",158.920000,-79.000000,0.000000,top
"SW7","6","SW_Hotswap_Kailh_MX_1.00u",178.420000,-79.000000,0.000000,top
"SW8","7","SW_Hotswap_Kailh_MX_1.00u",197.920000,-79.000000,0.000000,top
"SW9","8","SW_Hotswap_Kailh_MX_1.00u",217.500000,-79.000000,0.000000,top
"SW10","9","SW_Hotswap_Kailh_MX_1.00u",236.920000,-79.000000,0.000000,top
"SW11","0","SW_Hotswap_Kailh_MX_1.00u",256.420000,-79.000000,0.000000,top
"SW12","-","SW_Hotswap_Kailh_MX_1.00u",275.920000,-79.000000,0.000000,top
"SW13","=","SW_Hotswap_Kailh_MX_1.00u",295.420000,-79.000000,0.000000,top
"SW14","BACKSPACE","SW_Hotswap_Kailh_MX_2.00u",324.420000,-79.000000,0.000000,top
"SW15","TAB","SW_Hotswap_Kailh_MX_1.50u",66.265760,-98.489527,0.000000,top
"SW16","Q","SW_Hotswap_Kailh_MX_1.00u",90.500000,-98.500000,0.000000,top
"SW17","W","SW_Hotswap_Kailh_MX_1.00u",109.920000,-98.500000,0.000000,top
"SW18","E","SW_Hotswap_Kailh_MX_1.00u",129.310000,-98.540000,0.000000,top
"SW19","R","SW_Hotswap_Kailh_MX_1.00u",148.810000,-98.500000,0.000000,top
"SW20","T","SW_Hotswap_Kailh_MX_1.00u",168.500000,-98.500000,0.000000,top
"SW21","Y","SW_Hotswap_Kailh_MX_1.00u",188.000000,-98.500000,0.000000,top
"SW22","U","SW_Hotswap_Kailh_MX_1.00u",207.580000,-98.500000,0.000000,top
"SW23","I","SW_Hotswap_Kailh_MX_1.00u",227.000000,-98.500000,0.000000,top
"SW24","O","SW_Hotswap_Kailh_MX_1.00u",246.500000,-98.500000,0.000000,top
"SW25","P","SW_Hotswap_Kailh_MX_1.00u",266.000000,-98.500000,0.000000,top
"SW26","[","SW_Hotswap_Kailh_MX_1.00u",285.500000,-98.500000,0.000000,top
"SW27","]","SW_Hotswap_Kailh_MX_1.00u",305.080000,-98.500000,0.000000,top
"SW28","\","SW_Hotswap_Kailh_MX_1.50u",329.420000,-98.500000,0.000000,top
"SW29","CAPSLOCK","SW_Hotswap_Kailh_MX_1.75u",68.500000,-118.000000,0.000000,top
"SW30","A","SW_Hotswap_Kailh_MX_1.00u",95.000000,-118.000000,0.000000,top
"SW31","S","SW_Hotswap_Kailh_MX_1.00u",114.500000,-118.000000,0.000000,top
"SW32","D","SW_Hotswap_Kailh_MX_1.00u",134.000000,-118.000000,0.000000,top
"SW33","F","SW_Hotswap_Kailh_MX_1.00u",153.580000,-118.000000,0.000000,top
"SW34","G","SW_Hotswap_Kailh_MX_1.00u",173.000000,-118.000000,0.000000,top
"SW35","H","SW_Hotswap_Kailh_MX_1.00u",192.420000,-118.000000,0.000000,top
"SW36","J","SW_Hotswap_Kailh_MX_1.00u",212.000000,-118.000000,0.000000,top
"SW37","K","SW_Hotswap_Kailh_MX_1.00u",231.500000,-118.000000,0.000000,top
"SW38","L","SW_Hotswap_Kailh_MX_1.00u",251.000000,-118.000000,0.000000,top
"SW39",";","SW_Hotswap_Kailh_MX_1.00u",270.420000,-118.000000,0.000000,top
"SW40","'","SW_Hotswap_Kailh_MX_1.00u",289.920000,-118.000000,0.000000,top
"SW41","ENTER","SW_Hotswap_Kailh_MX_2.25u",321.420000,-118.000000,0.000000,top
"SW42","LEFTSHIFT","SW_Hotswap_Kailh_MX_2.25u",73.420000,-137.500000,0.000000,top
"SW43","Z","SW_Hotswap_Kailh_MX_1.00u",105.000000,-137.500000,0.000000,top
"SW44","X","SW_Hotswap_Kailh_MX_1.00u",124.580000,-137.500000,0.000000,top
"SW45","C","SW_Hotswap_Kailh_MX_1.00u",144.080000,-137.500000,0.000000,top
"SW46","V","SW_Hotswap_Kailh_MX_1.00u",163.420000,-137.500000,0.000000,top
"SW47","B","SW_Hotswap_Kailh_MX_1.00u",182.920000,-137.500000,0.000000,top
"SW48","N","SW_Hotswap_Kailh_MX_1.00u",202.420000,-137.500000,0.000000,top
"SW49","M","SW_Hotswap_Kailh_MX_1.00u",221.920000,-137.500000,0.000000,top
"SW50",",","SW_Hotswap_Kailh_MX_1.00u",241.420000,-137.500000,0.000000,top
"SW51",".","SW_Hotswap_Kailh_MX_1.00u",260.920000,-137.500000,0.000000,top
"SW52","/","SW_Hotswap_Kailh_MX_1.00u",280.420000,-137.500000,0.000000,top
"SW53","RIGHTSHIFT","SW_Hotswap_Kailh_MX_2.75u",316.500000,-137.500000,0.000000,top
"SW54","LEFTCTRL","SW_Hotswap_Kailh_MX_1.25u",64.000000,-157.000000,0.000000,top
"SW55","LEFTWIN","SW_Hotswap_Kailh_MX_1.25u",88.500000,-157.000000,0.000000,top
"SW56","LEFTALT","SW_Hotswap_Kailh_MX_1.25u",113.000000,-157.000000,0.000000,top
"SW57","SPACE","SW_Hotswap_Kailh_MX_6.25u",185.000000,-157.000000,0.000000,top
"SW58","RIGHTALT","SW_Hotswap_Kailh_MX_1.25u",257.000000,-157.000000,0.000000,top
"SW59","FN","SW_Hotswap_Kailh_MX_1.25u",281.420000,-157.000000,0.000000,top
"SW60","MENU","SW_Hotswap_Kailh_MX_1.25u",305.920000,-157.000000,0.000000,top
"SW61","RIGHTCTRL","SW_Hotswap_Kailh_MX_1.25u",330.420000,-157.000000,0.000000,top
"SW62","Boot","SW_SPST_B3U-1000P",325.700000,-54.000000,180.000000,top
"SW63","Reset","SW_SPST_B3U-1000P",330.800000,-54.000000,0.000000,top
"U1","STM32F072C8Tx","LQFP-48_7x7mm_P0.5mm",316.000000,-55.000000,-90.000000,top
"U2","ER_OLEDM0.91_1x-I2C","ER_OLEDM0.91_1x-I2C",54.000000,-59.810000,90.000000,top
"U3","AMS1117-3.3","SOT-223-3_TabPin2",134.650000,-56.200000,0.000000,top
"U4","USBLC6-2SC6","SOT-23-6",122.137500,-58.050000,0.000000,top
